insert into roles (name) values ('administrator');
insert into roles (name) values ('author');
insert into roles (name) values ('user');

insert into boats (name, created_at, updated_at) values ('Ice Cube', '2018-09-25 20:51:27', '2018-03-25 10:14:54');
insert into boats (name, created_at, updated_at) values ('Submarine', '2018-09-14 19:46:52', '2018-04-27 03:24:42');
insert into boats (name, created_at, updated_at) values ('Not Sinking', '2018-09-19 22:08:58', '2018-02-06 12:33:20');
insert into boats (name, created_at, updated_at) values ('Titanic', '2018-08-12 04:56:12', '2017-11-14 17:26:33');
insert into boats (name, created_at, updated_at) values ('Kenu', '2017-12-12 22:09:06', '2018-08-02 12:39:56');

insert into users (id, first_name, last_name, email, birthdate, password, created_at, updated_at) values (1, 'Crista', 'Bergstram', 'cbergstram0@youtube.com', '2018-09-12', 'c6dec477bceaa473fba378bb2a6577be', '2018-07-24 02:19:52', '2017-12-24 10:34:16');
insert into users (id, first_name, last_name, email, birthdate, password, created_at, updated_at) values (2, 'Christina', 'Safe', 'csafe1@angelfire.com', '2018-06-12', '3de3c1e05741aae20f3d4bc99aedecf4', '2018-08-03 09:45:13', '2018-05-07 15:42:35');
insert into users (id, first_name, last_name, email, birthdate, password, created_at, updated_at) values (3, 'Benedetta', 'Ledward', 'bledward2@liveinternet.ru', '2018-02-20', '752a389daa16ecc9fd658611020b6141', '2018-08-17 08:57:39', '2018-06-15 23:21:55');
insert into users (id, first_name, last_name, email, birthdate, password, created_at, updated_at) values (4, 'Rod', 'Graddell', 'rgraddell3@nature.com', '2018-08-03', 'ba528862bdb320cbe67f1e486484e07d', '2017-12-09 03:16:03', '2018-10-11 22:04:54');
insert into users (id, first_name, last_name, email, birthdate, password, created_at, updated_at) values (5, 'Reggis', 'Wakeham', 'rwakeham4@google.pl', '2018-04-06', 'f75c4829b40a82db1fc3fca29aef1272', '2018-01-21 02:43:49', '2018-06-13 02:03:07');
insert into users (id, first_name, last_name, email, birthdate, password, created_at, updated_at) values (6, 'Alick', 'O''Lunney', 'aolunney5@youku.com', '2017-12-27', '16b623a17d780c4654bd3ca3d42aa8f4', '2018-07-02 18:54:23', '2017-12-19 23:01:37');
insert into users (id, first_name, last_name, email, birthdate, password, created_at, updated_at) values (7, 'Blondie', 'Giordano', 'bgiordano6@hao123.com', '2017-11-01', '0db1613cb2de3f3016eb9a2b7b6128b3', '2018-07-02 07:27:44', '2018-05-20 16:53:44');
insert into users (id, first_name, last_name, email, birthdate, password, created_at, updated_at) values (8, 'Sutherlan', 'Skyram', 'sskyram7@tmall.com', '2017-11-13', 'ad2ee9444879dd11cfa33047a677ef05', '2018-04-06 05:11:44', '2018-02-28 15:50:15');
insert into users (id, first_name, last_name, email, birthdate, password, created_at, updated_at) values (9, 'Carmen', 'Surby', 'csurby8@reverbnation.com', '2018-03-08', '2c5ab6e03ce4d4797a31b42a6535da70', '2017-11-23 18:55:53', '2018-06-12 05:24:34');
insert into users (id, first_name, last_name, email, birthdate, password, created_at, updated_at) values (10, 'Charlie', 'Breeze', 'cbreeze9@harvard.edu', '2018-03-20', 'f9ede9e4d3ee9df1b68de0d07536bff7', '2018-09-05 23:49:04', '2017-11-28 15:46:49');
insert into users (id, first_name, last_name, email, birthdate, password, created_at, updated_at) values (11, 'Adolf', 'Bambrugh', 'abambrugha@blogs.com', '2018-04-14', '14b05dfc7e54e9408ab75281230eb17b', '2017-12-14 06:21:10', '2018-06-04 23:48:34');
insert into users (id, first_name, last_name, email, birthdate, password, created_at, updated_at) values (12, 'Dulcie', 'Bowsher', 'dbowsherb@columbia.edu', '2018-09-14', 'ccd0b2ec03b958e5b285778e548aa780', '2018-06-16 09:57:31', '2018-07-13 03:47:05');
insert into users (id, first_name, last_name, email, birthdate, password, created_at, updated_at) values (13, 'Reeva', 'McKeevers', 'rmckeeversc@china.com.cn', '2018-05-16', 'eba9289e1f1fd724119bec4152697822', '2018-06-02 13:57:05', '2018-06-19 16:43:23');
insert into users (id, first_name, last_name, email, birthdate, password, created_at, updated_at) values (14, 'Umberto', 'Minguet', 'uminguetd@example.com', '2018-01-13', '16c280840bb663b0e27065e3a317c34f', '2018-06-12 08:38:38', '2018-09-14 03:29:19');
insert into users (id, first_name, last_name, email, birthdate, password, created_at, updated_at) values (15, 'Priscilla', 'Forty', 'pfortye@wiley.com', '2018-04-15', '975ac45b176854ebb6ae9890576e2ae1', '2017-11-12 16:34:06', '2018-10-11 05:12:25');
insert into users (id, first_name, last_name, email, birthdate, password, created_at, updated_at) values (16, 'Janith', 'Browning', 'jbrowningf@xing.com', '2018-03-31', 'd56fdf679a2b68e184036f6e34598346', '2018-02-04 02:31:13', '2018-06-20 17:31:32');
insert into users (id, first_name, last_name, email, birthdate, password, created_at, updated_at) values (17, 'Bernadene', 'Ottey', 'botteyg@dot.gov', '2018-02-16', '06fc82ce9fe953b8c8c47775bc21170e', '2018-08-23 06:45:00', '2017-11-16 05:11:28');
insert into users (id, first_name, last_name, email, birthdate, password, created_at, updated_at) values (18, 'Karalee', 'Thickins', 'kthickinsh@aol.com', '2018-03-17', '1caff64c2279f5d7aa21195c8d200032', '2018-04-23 11:09:16', '2018-07-27 11:52:36');
insert into users (id, first_name, last_name, email, birthdate, password, created_at, updated_at) values (19, 'Emeline', 'Cribbin', 'ecribbini@biblegateway.com', '2018-05-15', '9da59c6dee936eaddc60f0884b05f8c9', '2017-11-30 08:33:38', '2018-02-14 15:56:48');
insert into users (id, first_name, last_name, email, birthdate, password, created_at, updated_at) values (20, 'Louisa', 'Yallop', 'lyallopj@pcworld.com', '2018-03-21', 'd47c229cc3b4dc135f89b89a9410cce9', '2018-03-16 12:54:34', '2017-12-17 22:53:02');
insert into users (id, first_name, last_name, email, birthdate, password, created_at, updated_at) values (21, 'Currey', 'Glanert', 'cglanertk@last.fm', '2018-03-23', '4a26a5852a7158ac4d1549fbbf0277c4', '2018-05-13 08:41:34', '2017-10-29 23:16:00');
insert into users (id, first_name, last_name, email, birthdate, password, created_at, updated_at) values (22, 'Darrelle', 'Mouget', 'dmougetl@wikimedia.org', '2018-08-04', 'dca1e52fba129d9805eeb476ad437226', '2018-02-22 19:08:00', '2018-08-12 15:33:16');
insert into users (id, first_name, last_name, email, birthdate, password, created_at, updated_at) values (23, 'Fiorenze', 'Feben', 'ffebenm@blog.com', '2018-05-29', 'd8e27037ecefea5cfa7c0fdba2b5274c', '2018-09-07 12:56:56', '2017-11-24 01:57:29');
insert into users (id, first_name, last_name, email, birthdate, password, created_at, updated_at) values (24, 'Terri-jo', 'Corona', 'tcoronan@blogs.com', '2018-04-18', 'd5068998576c4041f46802324caf56a8', '2018-04-22 10:32:14', '2018-03-01 20:51:20');
insert into users (id, first_name, last_name, email, birthdate, password, created_at, updated_at) values (25, 'Knox', 'Screeton', 'kscreetono@ebay.co.uk', '2018-01-17', 'b8928717c0006d435e327f3d4f6c44a2', '2018-07-01 21:44:28', '2018-09-23 01:13:07');
insert into users (id, first_name, last_name, email, birthdate, password, created_at, updated_at) values (26, 'Dorice', 'Fearnyhough', 'dfearnyhoughp@dmoz.org', '2017-12-06', 'ef9945589210d1cc2f1f013f68073a4f', '2018-01-14 05:43:28', '2018-01-04 22:25:09');
insert into users (id, first_name, last_name, email, birthdate, password, created_at, updated_at) values (27, 'Chadd', 'Wanderschek', 'cwanderschekq@yahoo.co.jp', '2018-03-25', '7462a86b7208c1c0bc10c0e579d73bba', '2018-03-27 03:36:23', '2018-06-16 14:09:27');
insert into users (id, first_name, last_name, email, birthdate, password, created_at, updated_at) values (28, 'Kaila', 'Duddridge', 'kduddridger@cmu.edu', '2018-02-05', '9cd672a995b94da1354517696948174e', '2018-03-30 14:30:20', '2017-12-17 19:41:54');
insert into users (id, first_name, last_name, email, birthdate, password, created_at, updated_at) values (29, 'Isiahi', 'Skeermer', 'iskeermers@dyndns.org', '2018-03-01', 'fe40bacf0a3357231db1601cc4403c7c', '2018-06-02 14:53:36', '2018-06-19 07:25:31');
insert into users (id, first_name, last_name, email, birthdate, password, created_at, updated_at) values (30, 'Burk', 'Androsik', 'bandrosikt@t.co', '2018-01-08', '2019975d01205e3a9abdd60df1d4ffde', '2017-11-03 23:06:05', '2018-04-21 15:00:59');
insert into users (id, first_name, last_name, email, birthdate, password, created_at, updated_at) values (31, 'Thorn', 'Sokill', 'tsokillu@rediff.com', '2018-09-16', '8334cf609524556e4526ddf3dcb7d84d', '2018-08-21 02:09:34', '2018-01-29 00:33:46');
insert into users (id, first_name, last_name, email, birthdate, password, created_at, updated_at) values (32, 'Tobiah', 'Maddin', 'tmaddinv@cornell.edu', '2017-10-19', 'd3a87f231c8dabb057f5a7e021c10f52', '2018-01-12 23:25:09', '2018-09-18 00:35:02');
insert into users (id, first_name, last_name, email, birthdate, password, created_at, updated_at) values (33, 'Galvin', 'Flecknell', 'gflecknellw@ucoz.com', '2018-01-24', 'e37bdc9567acfa97e09117e79235cab8', '2017-11-29 02:54:53', '2018-08-27 21:37:54');
insert into users (id, first_name, last_name, email, birthdate, password, created_at, updated_at) values (34, 'Deck', 'Infante', 'dinfantex@soundcloud.com', '2018-10-10', '4aa01bd740d0ab3cebf6a541d11a71b9', '2018-08-19 04:35:06', '2017-12-29 03:01:35');
insert into users (id, first_name, last_name, email, birthdate, password, created_at, updated_at) values (35, 'Malvin', 'Vedeniktov', 'mvedeniktovy@storify.com', '2018-05-27', '7298243459c03eebb6e1591b5e4aa7aa', '2018-05-12 14:11:03', '2018-05-07 00:53:06');
insert into users (id, first_name, last_name, email, birthdate, password, created_at, updated_at) values (36, 'Darby', 'Lisett', 'dlisettz@example.com', '2018-05-20', 'c3dc3a13a8780e37cf9851cd6420286a', '2017-11-12 02:12:53', '2018-02-18 03:12:27');
insert into users (id, first_name, last_name, email, birthdate, password, created_at, updated_at) values (37, 'Kerri', 'Di Matteo', 'kdimatteo10@auda.org.au', '2018-07-09', 'abe7f9ed5f7226372d5efa8654790d42', '2018-07-30 02:56:34', '2018-08-12 23:25:29');
insert into users (id, first_name, last_name, email, birthdate, password, created_at, updated_at) values (38, 'Marcelline', 'Deluze', 'mdeluze11@geocities.jp', '2017-11-22', '72ccd8d55646e848be7513db41da46ef', '2018-06-17 07:49:35', '2018-03-10 06:39:16');
insert into users (id, first_name, last_name, email, birthdate, password, created_at, updated_at) values (39, 'Rourke', 'Tiffney', 'rtiffney12@slate.com', '2018-08-19', 'ad57632f2be5db2b0e01125e2d7c2822', '2018-04-28 01:13:31', '2018-06-03 02:34:13');
insert into users (id, first_name, last_name, email, birthdate, password, created_at, updated_at) values (40, 'Ignazio', 'Grombridge', 'igrombridge13@geocities.com', '2018-07-04', 'e3542fa4981a15e3640c6fbd092881e5', '2018-08-31 06:40:20', '2018-06-25 10:33:44');
insert into users (id, first_name, last_name, email, birthdate, password, created_at, updated_at) values (41, 'Sybila', 'McGaffey', 'smcgaffey14@1688.com', '2017-12-29', '1322692af09e9fb8fb1ea8ae60e7a81c', '2018-07-27 08:43:42', '2018-04-21 12:01:42');
insert into users (id, first_name, last_name, email, birthdate, password, created_at, updated_at) values (42, 'Lona', 'Cochrane', 'lcochrane15@unicef.org', '2018-01-16', '05231d3ebc69010c6d8bef4cc4665fbe', '2017-11-21 21:36:01', '2018-04-05 12:59:34');
insert into users (id, first_name, last_name, email, birthdate, password, created_at, updated_at) values (43, 'Garrard', 'Luna', 'gluna16@dyndns.org', '2017-10-18', '77abc5b2ed62b0a4389a9fbc8ba0ba2e', '2018-07-16 11:02:56', '2018-02-03 13:40:14');
insert into users (id, first_name, last_name, email, birthdate, password, created_at, updated_at) values (44, 'Malvina', 'Leivesley', 'mleivesley17@fastcompany.com', '2017-11-14', 'e003e865eb78ece681bc008da7344a60', '2018-05-13 11:54:47', '2017-12-08 13:40:53');
insert into users (id, first_name, last_name, email, birthdate, password, created_at, updated_at) values (45, 'Gannie', 'Tafani', 'gtafani18@wikipedia.org', '2018-05-09', '6399abca77a6d0ec7018db5d63902083', '2018-09-26 05:54:56', '2018-08-29 19:59:00');
insert into users (id, first_name, last_name, email, birthdate, password, created_at, updated_at) values (46, 'Joyce', 'Batterson', 'jbatterson19@geocities.com', '2018-04-11', '9b480f8ebe848c9581debcd4ced52f6e', '2018-05-18 03:38:53', '2017-11-10 09:22:51');
insert into users (id, first_name, last_name, email, birthdate, password, created_at, updated_at) values (47, 'Batholomew', 'Goulden', 'bgoulden1a@columbia.edu', '2018-05-02', '4c032c066b24088eff1d32bc40e20834', '2018-06-19 02:28:19', '2018-06-03 04:01:33');
insert into users (id, first_name, last_name, email, birthdate, password, created_at, updated_at) values (48, 'Carol-jean', 'Barrow', 'cbarrow1b@paypal.com', '2018-05-09', '78bb5502a64b2e686ce02822889b4548', '2018-02-05 15:30:43', '2017-11-29 15:38:23');
insert into users (id, first_name, last_name, email, birthdate, password, created_at, updated_at) values (49, 'Deva', 'Gaynsford', 'dgaynsford1c@elegantthemes.com', '2018-02-18', 'ab2c9871c299074b798082d6d13500d8', '2018-02-16 02:04:54', '2018-01-27 08:33:40');
insert into users (id, first_name, last_name, email, birthdate, password, created_at, updated_at) values (50, 'Flin', 'Bothams', 'fbothams1d@dropbox.com', '2018-01-20', 'e8a2f64a5ef1f9ce4274c5399cfa394f', '2018-08-19 23:50:49', '2018-09-04 04:45:24');

insert into reservations (boat_id, user_id, number_of_passengers, start_of_rent, end_of_rent, created_at, updated_at) values (5, 10, 2, '2017-12-06 14:39:10', '2017-10-24 22:33:22', '2017-11-10 05:34:27', '2018-01-19 12:10:55');
insert into reservations (boat_id, user_id, number_of_passengers, start_of_rent, end_of_rent, created_at, updated_at) values (1, 1, 16, '2017-11-23 01:39:06', '2018-01-06 11:50:02', '2017-11-24 09:37:32', '2018-05-18 06:00:44');
insert into reservations (boat_id, user_id, number_of_passengers, start_of_rent, end_of_rent, created_at, updated_at) values (2, 1, 6, '2017-10-14 20:22:37', '2018-03-09 21:38:33', '2017-12-23 20:55:29', '2017-10-11 06:02:19');
insert into reservations (boat_id, user_id, number_of_passengers, start_of_rent, end_of_rent, created_at, updated_at) values (4, 5, 19, '2018-05-23 01:05:45', '2018-09-17 02:07:58', '2018-06-25 04:22:12', '2018-09-08 04:48:13');
insert into reservations (boat_id, user_id, number_of_passengers, start_of_rent, end_of_rent, created_at, updated_at) values (3, 10, 14, '2018-04-15 15:39:57', '2018-06-11 12:34:27', '2018-04-21 06:43:11', '2018-03-12 16:51:20');
insert into reservations (boat_id, user_id, number_of_passengers, start_of_rent, end_of_rent, created_at, updated_at) values (4, 9, 12, '2018-02-19 04:33:49', '2018-02-11 11:05:38', '2018-03-02 07:23:00', '2018-09-04 11:54:27');
insert into reservations (boat_id, user_id, number_of_passengers, start_of_rent, end_of_rent, created_at, updated_at) values (4, 6, 19, '2017-10-20 10:22:07', '2018-07-29 15:11:24', '2017-10-14 18:49:05', '2017-12-03 04:49:37');
insert into reservations (boat_id, user_id, number_of_passengers, start_of_rent, end_of_rent, created_at, updated_at) values (5, 4, 3, '2018-09-02 08:12:30', '2018-02-16 04:20:36', '2018-04-22 17:17:40', '2018-02-07 07:50:58');
insert into reservations (boat_id, user_id, number_of_passengers, start_of_rent, end_of_rent, created_at, updated_at) values (1, 3, 18, '2018-08-24 02:53:34', '2018-06-30 23:24:12', '2018-08-09 01:35:08', '2018-06-18 21:39:51');
insert into reservations (boat_id, user_id, number_of_passengers, start_of_rent, end_of_rent, created_at, updated_at) values (3, 1, 6, '2018-08-13 01:14:21', '2018-05-15 22:15:10', '2018-03-07 20:36:14', '2017-12-22 00:04:43');
insert into reservations (boat_id, user_id, number_of_passengers, start_of_rent, end_of_rent, created_at, updated_at) values (5, 1, 3, '2018-05-05 00:15:43', '2018-02-28 19:49:26', '2018-02-22 00:11:11', '2017-12-13 04:17:25');
insert into reservations (boat_id, user_id, number_of_passengers, start_of_rent, end_of_rent, created_at, updated_at) values (1, 5, 11, '2018-02-17 09:26:34', '2018-01-03 14:08:41', '2018-08-25 21:51:39', '2018-03-14 18:36:33');
insert into reservations (boat_id, user_id, number_of_passengers, start_of_rent, end_of_rent, created_at, updated_at) values (4, 10, 11, '2018-01-03 04:49:07', '2017-11-07 09:37:10', '2018-05-11 02:27:06', '2017-12-25 00:54:37');
insert into reservations (boat_id, user_id, number_of_passengers, start_of_rent, end_of_rent, created_at, updated_at) values (3, 8, 7, '2017-11-23 04:17:49', '2018-04-15 22:19:14', '2017-10-12 12:25:29', '2018-09-12 10:52:22');
insert into reservations (boat_id, user_id, number_of_passengers, start_of_rent, end_of_rent, created_at, updated_at) values (1, 3, 19, '2017-11-18 09:18:07', '2018-08-17 19:23:22', '2018-02-08 18:14:12', '2018-02-08 02:29:14');
insert into reservations (boat_id, user_id, number_of_passengers, start_of_rent, end_of_rent, created_at, updated_at) values (5, 9, 7, '2018-03-25 21:04:09', '2017-11-20 03:30:13', '2018-03-10 14:52:53', '2018-04-13 07:23:42');
insert into reservations (boat_id, user_id, number_of_passengers, start_of_rent, end_of_rent, created_at, updated_at) values (5, 6, 19, '2018-02-09 20:59:56', '2018-01-25 07:31:58', '2017-10-07 12:12:21', '2017-12-29 08:18:46');
insert into reservations (boat_id, user_id, number_of_passengers, start_of_rent, end_of_rent, created_at, updated_at) values (1, 1, 4, '2017-10-17 01:25:05', '2018-01-02 00:26:52', '2017-11-24 15:31:53', '2018-08-19 05:22:56');
insert into reservations (boat_id, user_id, number_of_passengers, start_of_rent, end_of_rent, created_at, updated_at) values (5, 5, 18, '2018-07-25 05:19:17', '2017-10-13 14:41:27', '2017-12-01 10:36:04', '2018-06-21 09:20:00');
insert into reservations (boat_id, user_id, number_of_passengers, start_of_rent, end_of_rent, created_at, updated_at) values (1, 9, 9, '2018-06-14 05:26:35', '2018-09-23 08:38:54', '2018-05-01 11:02:08', '2017-12-19 10:08:49');
insert into reservations (boat_id, user_id, number_of_passengers, start_of_rent, end_of_rent, created_at, updated_at) values (5, 6, 12, '2018-05-06 15:52:15', '2018-06-03 22:29:02', '2018-04-01 04:44:44', '2018-08-08 10:20:44');
insert into reservations (boat_id, user_id, number_of_passengers, start_of_rent, end_of_rent, created_at, updated_at) values (5, 8, 16, '2017-11-21 13:43:58', '2018-02-24 10:43:52', '2018-01-03 21:30:46', '2017-12-20 06:03:27');
insert into reservations (boat_id, user_id, number_of_passengers, start_of_rent, end_of_rent, created_at, updated_at) values (3, 2, 3, '2017-11-22 09:59:19', '2018-09-16 03:10:26', '2018-02-18 17:25:48', '2018-05-06 19:50:13');
insert into reservations (boat_id, user_id, number_of_passengers, start_of_rent, end_of_rent, created_at, updated_at) values (1, 5, 13, '2018-06-30 07:41:31', '2018-04-09 17:45:11', '2017-11-04 19:49:50', '2018-03-23 05:47:23');
insert into reservations (boat_id, user_id, number_of_passengers, start_of_rent, end_of_rent, created_at, updated_at) values (1, 5, 17, '2018-07-10 12:50:34', '2017-11-09 05:34:54', '2018-09-29 20:47:49', '2018-07-22 02:58:52');
insert into reservations (boat_id, user_id, number_of_passengers, start_of_rent, end_of_rent, created_at, updated_at) values (2, 7, 4, '2017-10-04 22:58:04', '2018-03-20 15:37:44', '2017-10-18 10:13:40', '2018-05-07 19:45:09');
insert into reservations (boat_id, user_id, number_of_passengers, start_of_rent, end_of_rent, created_at, updated_at) values (1, 8, 16, '2018-04-12 00:27:17', '2017-11-18 22:53:37', '2018-06-13 04:35:49', '2018-02-28 04:11:12');
insert into reservations (boat_id, user_id, number_of_passengers, start_of_rent, end_of_rent, created_at, updated_at) values (1, 8, 17, '2017-10-17 15:33:38', '2017-10-13 19:08:14', '2018-05-04 23:38:30', '2018-05-22 16:15:29');
insert into reservations (boat_id, user_id, number_of_passengers, start_of_rent, end_of_rent, created_at, updated_at) values (2, 10, 10, '2018-06-11 00:04:12', '2018-09-06 22:37:04', '2018-07-20 21:27:27', '2018-05-20 23:48:27');
insert into reservations (boat_id, user_id, number_of_passengers, start_of_rent, end_of_rent, created_at, updated_at) values (2, 6, 9, '2017-12-20 00:15:50', '2017-10-09 07:21:41', '2017-11-01 16:19:06', '2018-08-11 19:24:16');
insert into reservations (boat_id, user_id, number_of_passengers, start_of_rent, end_of_rent, created_at, updated_at) values (3, 8, 4, '2018-09-10 07:10:30', '2018-04-21 05:17:58', '2018-05-25 23:00:00', '2017-11-28 10:19:30');
insert into reservations (boat_id, user_id, number_of_passengers, start_of_rent, end_of_rent, created_at, updated_at) values (1, 9, 17, '2018-05-31 03:51:06', '2018-02-23 09:41:11', '2017-11-19 19:47:35', '2017-11-12 18:13:23');
insert into reservations (boat_id, user_id, number_of_passengers, start_of_rent, end_of_rent, created_at, updated_at) values (1, 9, 6, '2018-09-26 01:51:06', '2018-05-14 19:38:07', '2018-08-18 15:09:02', '2018-04-27 11:22:33');
insert into reservations (boat_id, user_id, number_of_passengers, start_of_rent, end_of_rent, created_at, updated_at) values (5, 9, 8, '2018-01-24 11:01:09', '2018-02-16 19:01:32', '2018-01-29 07:29:59', '2018-03-10 12:59:16');
insert into reservations (boat_id, user_id, number_of_passengers, start_of_rent, end_of_rent, created_at, updated_at) values (5, 9, 15, '2018-01-10 19:29:43', '2017-11-18 22:55:08', '2018-08-19 11:57:49', '2018-09-23 19:41:18');
insert into reservations (boat_id, user_id, number_of_passengers, start_of_rent, end_of_rent, created_at, updated_at) values (3, 7, 18, '2018-07-03 02:42:20', '2018-03-17 06:25:46', '2018-08-28 18:33:33', '2018-05-12 20:45:39');
insert into reservations (boat_id, user_id, number_of_passengers, start_of_rent, end_of_rent, created_at, updated_at) values (2, 4, 14, '2018-07-18 11:33:56', '2018-08-12 00:13:57', '2017-12-15 14:32:00', '2017-11-30 16:33:25');
insert into reservations (boat_id, user_id, number_of_passengers, start_of_rent, end_of_rent, created_at, updated_at) values (4, 3, 5, '2018-03-28 00:51:01', '2018-09-01 18:10:42', '2017-10-13 00:49:54', '2017-10-05 18:30:40');
insert into reservations (boat_id, user_id, number_of_passengers, start_of_rent, end_of_rent, created_at, updated_at) values (3, 1, 3, '2018-05-04 23:14:16', '2017-11-15 03:03:12', '2018-04-12 21:47:18', '2017-12-24 13:41:21');
insert into reservations (boat_id, user_id, number_of_passengers, start_of_rent, end_of_rent, created_at, updated_at) values (1, 3, 19, '2018-01-29 02:43:31', '2018-06-16 00:08:32', '2018-09-30 11:07:43', '2018-07-25 02:17:32');
insert into reservations (boat_id, user_id, number_of_passengers, start_of_rent, end_of_rent, created_at, updated_at) values (3, 7, 14, '2017-11-10 07:43:27', '2018-07-22 16:23:42', '2018-05-07 11:03:43', '2017-11-24 08:45:02');
insert into reservations (boat_id, user_id, number_of_passengers, start_of_rent, end_of_rent, created_at, updated_at) values (2, 5, 1, '2018-01-11 12:19:16', '2018-02-16 14:41:06', '2018-05-11 09:16:29', '2018-04-26 11:12:42');
insert into reservations (boat_id, user_id, number_of_passengers, start_of_rent, end_of_rent, created_at, updated_at) values (5, 2, 12, '2018-05-25 02:57:02', '2018-03-29 06:51:44', '2018-01-15 19:58:58', '2018-04-06 05:48:16');
insert into reservations (boat_id, user_id, number_of_passengers, start_of_rent, end_of_rent, created_at, updated_at) values (1, 3, 17, '2018-07-28 16:25:24', '2017-10-28 22:02:57', '2018-05-09 03:19:43', '2018-02-12 05:06:27');
insert into reservations (boat_id, user_id, number_of_passengers, start_of_rent, end_of_rent, created_at, updated_at) values (5, 3, 17, '2018-08-02 09:30:19', '2017-11-26 01:16:13', '2017-12-02 22:20:59', '2018-08-27 20:00:51');
insert into reservations (boat_id, user_id, number_of_passengers, start_of_rent, end_of_rent, created_at, updated_at) values (3, 3, 12, '2018-08-22 16:48:59', '2018-01-24 03:16:59', '2018-08-06 22:03:47', '2018-03-01 10:57:12');
insert into reservations (boat_id, user_id, number_of_passengers, start_of_rent, end_of_rent, created_at, updated_at) values (4, 4, 6, '2018-04-01 23:05:08', '2018-01-05 08:29:21', '2018-07-22 07:03:35', '2018-04-10 04:30:31');
insert into reservations (boat_id, user_id, number_of_passengers, start_of_rent, end_of_rent, created_at, updated_at) values (3, 2, 4, '2017-10-03 20:32:43', '2017-11-24 16:29:33', '2018-04-15 12:59:54', '2018-06-17 16:20:07');
insert into reservations (boat_id, user_id, number_of_passengers, start_of_rent, end_of_rent, created_at, updated_at) values (2, 6, 5, '2017-10-05 00:42:20', '2018-04-07 03:15:35', '2018-07-20 19:36:27', '2018-07-14 17:01:46');
insert into reservations (boat_id, user_id, number_of_passengers, start_of_rent, end_of_rent, created_at, updated_at) values (5, 7, 3, '2017-12-28 08:14:17', '2018-02-16 02:21:19', '2017-10-19 17:47:40', '2018-04-20 10:24:27');
insert into reservations (boat_id, user_id, number_of_passengers, start_of_rent, end_of_rent, created_at, updated_at) values (1, 6, 4, '2018-05-11 05:51:30', '2018-08-15 15:52:16', '2018-02-26 16:34:41', '2017-10-19 01:23:44');
insert into reservations (boat_id, user_id, number_of_passengers, start_of_rent, end_of_rent, created_at, updated_at) values (2, 7, 11, '2017-10-05 23:08:31', '2018-09-10 08:14:26', '2018-06-17 10:00:53', '2018-03-02 03:42:02');
insert into reservations (boat_id, user_id, number_of_passengers, start_of_rent, end_of_rent, created_at, updated_at) values (3, 4, 4, '2017-12-04 00:41:35', '2017-11-25 03:33:59', '2018-06-23 19:38:52', '2018-04-30 03:58:54');
insert into reservations (boat_id, user_id, number_of_passengers, start_of_rent, end_of_rent, created_at, updated_at) values (1, 9, 7, '2018-04-09 03:06:59', '2018-08-22 14:55:12', '2017-10-04 11:39:32', '2017-12-29 03:03:38');
insert into reservations (boat_id, user_id, number_of_passengers, start_of_rent, end_of_rent, created_at, updated_at) values (5, 3, 19, '2017-11-27 11:17:49', '2018-06-18 13:35:09', '2017-12-24 14:55:49', '2018-08-07 22:28:34');
insert into reservations (boat_id, user_id, number_of_passengers, start_of_rent, end_of_rent, created_at, updated_at) values (1, 6, 11, '2018-05-11 04:44:32', '2018-02-11 10:39:34', '2018-03-29 15:05:51', '2017-10-07 15:29:01');
insert into reservations (boat_id, user_id, number_of_passengers, start_of_rent, end_of_rent, created_at, updated_at) values (2, 2, 15, '2018-07-30 18:33:30', '2018-09-18 05:45:16', '2018-01-08 02:24:21', '2017-10-27 02:53:32');
insert into reservations (boat_id, user_id, number_of_passengers, start_of_rent, end_of_rent, created_at, updated_at) values (1, 1, 11, '2018-09-07 12:50:53', '2018-04-09 22:45:32', '2018-06-04 16:37:34', '2018-08-02 11:30:42');
insert into reservations (boat_id, user_id, number_of_passengers, start_of_rent, end_of_rent, created_at, updated_at) values (3, 6, 17, '2018-02-26 02:50:15', '2018-01-10 04:07:00', '2018-07-19 16:10:25', '2018-06-18 21:29:47');
insert into reservations (boat_id, user_id, number_of_passengers, start_of_rent, end_of_rent, created_at, updated_at) values (4, 1, 3, '2018-05-16 19:46:40', '2018-02-22 10:12:44', '2018-03-29 11:59:10', '2018-05-28 08:21:13');
insert into reservations (boat_id, user_id, number_of_passengers, start_of_rent, end_of_rent, created_at, updated_at) values (2, 4, 20, '2017-10-30 04:20:33', '2018-02-16 15:03:02', '2018-09-28 07:21:07', '2018-05-07 17:16:42');
insert into reservations (boat_id, user_id, number_of_passengers, start_of_rent, end_of_rent, created_at, updated_at) values (3, 2, 5, '2018-01-16 19:14:24', '2018-03-24 15:30:54', '2018-06-11 07:39:06', '2017-10-29 14:35:19');
insert into reservations (boat_id, user_id, number_of_passengers, start_of_rent, end_of_rent, created_at, updated_at) values (1, 2, 2, '2018-07-25 23:44:59', '2017-11-06 05:58:51', '2018-01-25 17:23:41', '2018-04-08 01:06:36');
insert into reservations (boat_id, user_id, number_of_passengers, start_of_rent, end_of_rent, created_at, updated_at) values (5, 5, 15, '2018-08-28 21:44:50', '2017-11-03 11:07:30', '2018-08-31 00:54:17', '2018-02-01 17:27:41');
insert into reservations (boat_id, user_id, number_of_passengers, start_of_rent, end_of_rent, created_at, updated_at) values (1, 5, 7, '2018-03-04 20:53:30', '2017-12-23 07:34:34', '2018-07-11 03:19:54', '2018-07-27 18:35:38');
insert into reservations (boat_id, user_id, number_of_passengers, start_of_rent, end_of_rent, created_at, updated_at) values (1, 2, 13, '2017-12-24 07:15:38', '2018-04-30 22:38:39', '2018-01-09 19:27:42', '2018-08-26 06:30:50');
insert into reservations (boat_id, user_id, number_of_passengers, start_of_rent, end_of_rent, created_at, updated_at) values (2, 5, 18, '2018-01-27 04:55:20', '2017-11-17 00:20:23', '2018-05-21 13:16:38', '2017-11-12 16:38:35');
insert into reservations (boat_id, user_id, number_of_passengers, start_of_rent, end_of_rent, created_at, updated_at) values (2, 7, 1, '2018-08-28 10:39:56', '2018-04-01 01:27:31', '2018-03-12 09:59:25', '2018-02-01 02:12:52');
insert into reservations (boat_id, user_id, number_of_passengers, start_of_rent, end_of_rent, created_at, updated_at) values (4, 2, 18, '2018-01-10 18:03:59', '2018-08-17 19:18:50', '2018-05-23 10:53:47', '2018-08-27 08:47:45');
insert into reservations (boat_id, user_id, number_of_passengers, start_of_rent, end_of_rent, created_at, updated_at) values (1, 7, 7, '2018-06-20 18:47:48', '2018-03-18 19:23:37', '2017-10-08 18:56:43', '2017-10-17 21:15:58');


insert into posts (user_id, title, body, created_at, updated_at) values (1, 'tincidunt lacus', 'Proin at turpis a pede posuere nonummy.', '2018-04-23 22:44:57', '2017-11-02 07:33:54');
insert into posts (user_id, title, body, created_at, updated_at) values (9, 'pede morbi porttitor lorem', 'Nullam varius. Nulla facilisi.', '2018-02-09 20:07:00', '2018-08-05 11:54:58');
insert into posts (user_id, title, body, created_at, updated_at) values (1, 'amet turpis elementum', 'Morbi sem mauris, laoreet ut, rhoncus aliquet, pulvinar sed, nisl. Nunc rhoncus dui vel sem. Sed sagittis. Nam congue, risus semper porta volutpat, quam pede lobortis ligula, sit amet eleifend pede libero quis orci. Nullam molestie nibh in lectus. Pellentesque at nulla. Suspendisse potenti. Cras in purus eu magna vulputate luctus. Cum sociis natoque penatibus et magnis dis parturient montes, nascetur ridiculus mus. Vivamus vestibulum sagittis sapien.', '2017-11-14 20:54:56', '2018-08-10 08:32:02');
insert into posts (user_id, title, body, created_at, updated_at) values (7, 'praesent blandit nam', 'Pellentesque viverra pede ac diam. Cras pellentesque volutpat dui. Maecenas tristique, est et tempus semper, est quam pharetra magna, ac consequat metus sapien ut nunc. Vestibulum ante ipsum primis in faucibus orci luctus et ultrices posuere cubilia Curae; Mauris viverra diam vitae quam. Suspendisse potenti. Nullam porttitor lacus at turpis. Donec posuere metus vitae ipsum. Aliquam non mauris. Morbi non lectus.', '2018-06-20 17:41:12', '2018-01-18 08:17:22');
insert into posts (user_id, title, body, created_at, updated_at) values (6, 'cursus urna ut tellus', 'Aliquam erat volutpat. In congue. Etiam justo. Etiam pretium iaculis justo.', '2017-12-28 21:55:09', '2017-12-19 11:21:59');
insert into posts (user_id, title, body, created_at, updated_at) values (6, 'cursus vestibulum proin eu', 'Duis at velit eu est congue elementum. In hac habitasse platea dictumst. Morbi vestibulum, velit id pretium iaculis, diam erat fermentum justo, nec condimentum neque sapien placerat ante. Nulla justo. Aliquam quis turpis eget elit sodales scelerisque. Mauris sit amet eros. Suspendisse accumsan tortor quis turpis. Sed ante. Vivamus tortor. Duis mattis egestas metus.', '2018-02-09 08:59:34', '2018-03-02 17:34:32');
insert into posts (user_id, title, body, created_at, updated_at) values (5, 'varius nulla facilisi', 'Nam dui. Proin leo odio, porttitor id, consequat in, consequat ut, nulla. Sed accumsan felis. Ut at dolor quis odio consequat varius. Integer ac leo. Pellentesque ultrices mattis odio. Donec vitae nisi. Nam ultrices, libero non mattis pulvinar, nulla pede ullamcorper augue, a suscipit nulla elit ac nulla. Sed vel enim sit amet nunc viverra dapibus.', '2017-12-25 16:59:21', '2018-05-27 21:20:19');
insert into posts (user_id, title, body, created_at, updated_at) values (10, 'mauris non ligula pellentesque', 'In hac habitasse platea dictumst. Etiam faucibus cursus urna. Ut tellus. Nulla ut erat id mauris vulputate elementum. Nullam varius. Nulla facilisi. Cras non velit nec nisi vulputate nonummy. Maecenas tincidunt lacus at velit. Vivamus vel nulla eget eros elementum pellentesque. Quisque porta volutpat erat.', '2018-05-24 15:48:31', '2018-01-01 01:37:06');
insert into posts (user_id, title, body, created_at, updated_at) values (7, 'natoque penatibus et', 'In hac habitasse platea dictumst. Etiam faucibus cursus urna. Ut tellus. Nulla ut erat id mauris vulputate elementum. Nullam varius. Nulla facilisi. Cras non velit nec nisi vulputate nonummy.', '2017-10-26 21:31:00', '2018-02-17 21:11:15');
insert into posts (user_id, title, body, created_at, updated_at) values (9, 'diam cras', 'Duis aliquam convallis nunc. Proin at turpis a pede posuere nonummy. Integer non velit. Donec diam neque, vestibulum eget, vulputate ut, ultrices vel, augue. Vestibulum ante ipsum primis in faucibus orci luctus et ultrices posuere cubilia Curae; Donec pharetra, magna vestibulum aliquet ultrices, erat tortor sollicitudin mi, sit amet lobortis sapien sapien non mi. Integer ac neque. Duis bibendum. Morbi non quam nec dui luctus rutrum. Nulla tellus. In sagittis dui vel nisl.', '2018-05-24 15:07:08', '2018-03-01 00:19:49');
insert into posts (user_id, title, body, created_at, updated_at) values (8, 'purus eu', 'Fusce lacus purus, aliquet at, feugiat non, pretium quis, lectus. Suspendisse potenti.', '2018-03-28 20:36:42', '2018-07-13 13:17:14');
insert into posts (user_id, title, body, created_at, updated_at) values (1, 'tellus semper', 'Curabitur gravida nisi at nibh. In hac habitasse platea dictumst. Aliquam augue quam, sollicitudin vitae, consectetuer eget, rutrum at, lorem. Integer tincidunt ante vel ipsum. Praesent blandit lacinia erat. Vestibulum sed magna at nunc commodo placerat. Praesent blandit. Nam nulla. Integer pede justo, lacinia eget, tincidunt eget, tempus vel, pede.', '2017-12-01 22:07:21', '2018-02-25 15:01:19');
insert into posts (user_id, title, body, created_at, updated_at) values (1, 'pretium iaculis diam erat', 'Nulla suscipit ligula in lacus. Curabitur at ipsum ac tellus semper interdum. Mauris ullamcorper purus sit amet nulla.', '2018-02-01 10:17:02', '2018-04-04 22:30:46');
insert into posts (user_id, title, body, created_at, updated_at) values (4, 'morbi vel lectus in', 'Fusce lacus purus, aliquet at, feugiat non, pretium quis, lectus. Suspendisse potenti. In eleifend quam a odio. In hac habitasse platea dictumst. Maecenas ut massa quis augue luctus tincidunt.', '2017-10-29 13:22:36', '2018-03-29 14:48:55');
insert into posts (user_id, title, body, created_at, updated_at) values (10, 'auctor sed tristique', 'Nulla tellus. In sagittis dui vel nisl. Duis ac nibh. Fusce lacus purus, aliquet at, feugiat non, pretium quis, lectus. Suspendisse potenti. In eleifend quam a odio.', '2018-06-15 00:17:23', '2018-04-20 08:13:56');
insert into posts (user_id, title, body, created_at, updated_at) values (8, 'dignissim vestibulum vestibulum ante', 'Pellentesque at nulla. Suspendisse potenti. Cras in purus eu magna vulputate luctus.', '2018-01-29 09:47:04', '2017-10-25 20:00:20');
insert into posts (user_id, title, body, created_at, updated_at) values (5, 'nunc commodo placerat praesent', 'Aenean lectus. Pellentesque eget nunc. Donec quis orci eget orci vehicula condimentum.', '2017-10-09 04:49:40', '2018-04-07 10:29:47');
insert into posts (user_id, title, body, created_at, updated_at) values (1, 'aliquam sit amet diam', 'Fusce congue, diam id ornare imperdiet, sapien urna pretium nisl, ut volutpat sapien arcu sed augue. Aliquam erat volutpat. In congue. Etiam justo. Etiam pretium iaculis justo. In hac habitasse platea dictumst. Etiam faucibus cursus urna. Ut tellus. Nulla ut erat id mauris vulputate elementum.', '2018-03-29 20:13:50', '2017-11-02 15:36:26');
insert into posts (user_id, title, body, created_at, updated_at) values (2, 'vehicula consequat', 'Etiam justo. Etiam pretium iaculis justo. In hac habitasse platea dictumst.', '2018-09-04 00:23:19', '2018-01-31 06:54:39');
insert into posts (user_id, title, body, created_at, updated_at) values (2, 'sed lacus morbi', 'Suspendisse potenti. In eleifend quam a odio. In hac habitasse platea dictumst. Maecenas ut massa quis augue luctus tincidunt. Nulla mollis molestie lorem. Quisque ut erat. Curabitur gravida nisi at nibh. In hac habitasse platea dictumst. Aliquam augue quam, sollicitudin vitae, consectetuer eget, rutrum at, lorem. Integer tincidunt ante vel ipsum.', '2018-02-09 14:30:49', '2018-01-18 09:56:16');
insert into posts (user_id, title, body, created_at, updated_at) values (7, 'libero convallis eget', 'Nulla tempus.', '2018-05-24 01:43:04', '2017-11-07 18:44:44');
insert into posts (user_id, title, body, created_at, updated_at) values (10, 'rutrum nulla', 'Vivamus vestibulum sagittis sapien. Cum sociis natoque penatibus et magnis dis parturient montes, nascetur ridiculus mus.', '2018-06-05 00:27:40', '2017-12-22 08:14:33');
insert into posts (user_id, title, body, created_at, updated_at) values (5, 'ipsum aliquam non mauris', 'Donec odio justo, sollicitudin ut, suscipit a, feugiat et, eros. Vestibulum ac est lacinia nisi venenatis tristique. Fusce congue, diam id ornare imperdiet, sapien urna pretium nisl, ut volutpat sapien arcu sed augue. Aliquam erat volutpat. In congue.', '2018-01-15 23:04:38', '2018-03-07 20:17:00');
insert into posts (user_id, title, body, created_at, updated_at) values (1, 'convallis tortor risus', 'Curabitur in libero ut massa volutpat convallis. Morbi odio odio, elementum eu, interdum eu, tincidunt in, leo. Maecenas pulvinar lobortis est. Phasellus sit amet erat. Nulla tempus. Vivamus in felis eu sapien cursus vestibulum.', '2018-08-24 18:33:39', '2018-08-12 17:34:25');
insert into posts (user_id, title, body, created_at, updated_at) values (7, 'sodales scelerisque mauris sit', 'Praesent blandit lacinia erat. Vestibulum sed magna at nunc commodo placerat. Praesent blandit. Nam nulla.', '2018-04-06 03:22:35', '2017-10-15 22:55:53');
insert into posts (user_id, title, body, created_at, updated_at) values (8, 'id sapien', 'Quisque porta volutpat erat. Quisque erat eros, viverra eget, congue eget, semper rutrum, nulla. Nunc purus. Phasellus in felis. Donec semper sapien a libero. Nam dui.', '2018-06-11 18:38:29', '2018-06-28 05:23:00');
insert into posts (user_id, title, body, created_at, updated_at) values (3, 'justo sollicitudin ut', 'Aenean auctor gravida sem. Praesent id massa id nisl venenatis lacinia. Aenean sit amet justo. Morbi ut odio. Cras mi pede, malesuada in, imperdiet et, commodo vulputate, justo.', '2018-01-30 22:46:57', '2018-03-05 18:27:56');
insert into posts (user_id, title, body, created_at, updated_at) values (8, 'tincidunt in leo maecenas', 'Nulla tellus. In sagittis dui vel nisl. Duis ac nibh. Fusce lacus purus, aliquet at, feugiat non, pretium quis, lectus. Suspendisse potenti. In eleifend quam a odio.', '2018-06-29 19:32:01', '2018-03-24 21:08:42');
insert into posts (user_id, title, body, created_at, updated_at) values (10, 'augue quam sollicitudin vitae', 'Mauris lacinia sapien quis libero. Nullam sit amet turpis elementum ligula vehicula consequat. Morbi a ipsum. Integer a nibh. In quis justo. Maecenas rhoncus aliquam lacus. Morbi quis tortor id nulla ultrices aliquet. Maecenas leo odio, condimentum id, luctus nec, molestie sed, justo. Pellentesque viverra pede ac diam. Cras pellentesque volutpat dui.', '2018-04-04 13:36:52', '2018-05-02 07:05:45');
insert into posts (user_id, title, body, created_at, updated_at) values (4, 'eget orci vehicula condimentum', 'Curabitur convallis. Duis consequat dui nec nisi volutpat eleifend. Donec ut dolor. Morbi vel lectus in quam fringilla rhoncus. Mauris enim leo, rhoncus sed, vestibulum sit amet, cursus id, turpis. Integer aliquet, massa id lobortis convallis, tortor risus dapibus augue, vel accumsan tellus nisi eu orci. Mauris lacinia sapien quis libero. Nullam sit amet turpis elementum ligula vehicula consequat.', '2017-11-20 11:33:53', '2018-09-26 07:23:55');
insert into posts (user_id, title, body, created_at, updated_at) values (1, 'leo odio porttitor id', 'Suspendisse ornare consequat lectus. In est risus, auctor sed, tristique in, tempus sit amet, sem. Fusce consequat. Nulla nisl. Nunc nisl. Duis bibendum, felis sed interdum venenatis, turpis enim blandit mi, in porttitor pede justo eu massa. Donec dapibus. Duis at velit eu est congue elementum. In hac habitasse platea dictumst. Morbi vestibulum, velit id pretium iaculis, diam erat fermentum justo, nec condimentum neque sapien placerat ante.', '2018-07-21 08:29:02', '2018-07-30 04:22:07');
insert into posts (user_id, title, body, created_at, updated_at) values (6, 'at turpis a', 'Praesent blandit lacinia erat. Vestibulum sed magna at nunc commodo placerat. Praesent blandit. Nam nulla. Integer pede justo, lacinia eget, tincidunt eget, tempus vel, pede. Morbi porttitor lorem id ligula. Suspendisse ornare consequat lectus. In est risus, auctor sed, tristique in, tempus sit amet, sem.', '2018-05-14 08:59:27', '2018-06-05 08:57:32');
insert into posts (user_id, title, body, created_at, updated_at) values (10, 'nulla ultrices', 'Morbi sem mauris, laoreet ut, rhoncus aliquet, pulvinar sed, nisl.', '2018-08-17 23:28:31', '2018-07-25 09:54:14');
insert into posts (user_id, title, body, created_at, updated_at) values (9, 'in libero ut', 'Cum sociis natoque penatibus et magnis dis parturient montes, nascetur ridiculus mus. Vivamus vestibulum sagittis sapien. Cum sociis natoque penatibus et magnis dis parturient montes, nascetur ridiculus mus. Etiam vel augue. Vestibulum rutrum rutrum neque.', '2018-08-06 06:27:04', '2018-07-28 00:05:13');
insert into posts (user_id, title, body, created_at, updated_at) values (9, 'ipsum primis', 'Praesent id massa id nisl venenatis lacinia. Aenean sit amet justo. Morbi ut odio. Cras mi pede, malesuada in, imperdiet et, commodo vulputate, justo.', '2018-06-05 22:52:54', '2018-09-23 02:03:03');
insert into posts (user_id, title, body, created_at, updated_at) values (2, 'at feugiat non pretium', 'Morbi porttitor lorem id ligula. Suspendisse ornare consequat lectus. In est risus, auctor sed, tristique in, tempus sit amet, sem. Fusce consequat. Nulla nisl. Nunc nisl. Duis bibendum, felis sed interdum venenatis, turpis enim blandit mi, in porttitor pede justo eu massa. Donec dapibus.', '2018-05-03 01:48:59', '2018-08-10 23:27:59');
insert into posts (user_id, title, body, created_at, updated_at) values (6, 'viverra diam vitae quam', 'Nunc purus. Phasellus in felis. Donec semper sapien a libero. Nam dui.', '2018-01-12 08:07:55', '2018-05-08 19:50:01');
insert into posts (user_id, title, body, created_at, updated_at) values (7, 'nulla sed accumsan felis', 'Lorem ipsum dolor sit amet, consectetuer adipiscing elit. Proin interdum mauris non ligula pellentesque ultrices. Phasellus id sapien in sapien iaculis congue. Vivamus metus arcu, adipiscing molestie, hendrerit at, vulputate vitae, nisl. Aenean lectus. Pellentesque eget nunc. Donec quis orci eget orci vehicula condimentum. Curabitur in libero ut massa volutpat convallis. Morbi odio odio, elementum eu, interdum eu, tincidunt in, leo.', '2018-06-27 06:20:07', '2017-12-23 09:12:32');
insert into posts (user_id, title, body, created_at, updated_at) values (2, 'neque duis bibendum morbi', 'Aenean sit amet justo. Morbi ut odio. Cras mi pede, malesuada in, imperdiet et, commodo vulputate, justo.', '2018-04-05 03:15:06', '2018-06-08 04:31:20');
insert into posts (user_id, title, body, created_at, updated_at) values (2, 'viverra pede ac', 'Donec diam neque, vestibulum eget, vulputate ut, ultrices vel, augue. Vestibulum ante ipsum primis in faucibus orci luctus et ultrices posuere cubilia Curae; Donec pharetra, magna vestibulum aliquet ultrices, erat tortor sollicitudin mi, sit amet lobortis sapien sapien non mi. Integer ac neque. Duis bibendum. Morbi non quam nec dui luctus rutrum. Nulla tellus. In sagittis dui vel nisl. Duis ac nibh.', '2018-09-10 03:34:18', '2018-03-18 11:32:37');
insert into posts (user_id, title, body, created_at, updated_at) values (3, 'pede justo lacinia', 'Morbi ut odio. Cras mi pede, malesuada in, imperdiet et, commodo vulputate, justo. In blandit ultrices enim. Lorem ipsum dolor sit amet, consectetuer adipiscing elit. Proin interdum mauris non ligula pellentesque ultrices.', '2018-02-02 21:27:04', '2018-04-17 16:07:46');
insert into posts (user_id, title, body, created_at, updated_at) values (2, 'viverra pede', 'Vestibulum rutrum rutrum neque.', '2017-10-27 13:45:47', '2018-08-14 07:35:42');
insert into posts (user_id, title, body, created_at, updated_at) values (7, 'porttitor lacus at', 'Quisque ut erat. Curabitur gravida nisi at nibh. In hac habitasse platea dictumst. Aliquam augue quam, sollicitudin vitae, consectetuer eget, rutrum at, lorem. Integer tincidunt ante vel ipsum. Praesent blandit lacinia erat.', '2018-03-04 20:31:22', '2017-11-25 01:00:59');
insert into posts (user_id, title, body, created_at, updated_at) values (10, 'suspendisse ornare', 'Nulla tellus. In sagittis dui vel nisl. Duis ac nibh.', '2018-02-15 04:22:47', '2018-04-21 02:58:54');
insert into posts (user_id, title, body, created_at, updated_at) values (10, 'pellentesque eget nunc donec', 'In congue. Etiam justo. Etiam pretium iaculis justo. In hac habitasse platea dictumst. Etiam faucibus cursus urna. Ut tellus. Nulla ut erat id mauris vulputate elementum. Nullam varius. Nulla facilisi.', '2018-07-05 23:32:58', '2017-10-26 04:44:38');
insert into posts (user_id, title, body, created_at, updated_at) values (1, 'nisi nam ultrices libero', 'Quisque id justo sit amet sapien dignissim vestibulum. Vestibulum ante ipsum primis in faucibus orci luctus et ultrices posuere cubilia Curae; Nulla dapibus dolor vel est. Donec odio justo, sollicitudin ut, suscipit a, feugiat et, eros. Vestibulum ac est lacinia nisi venenatis tristique. Fusce congue, diam id ornare imperdiet, sapien urna pretium nisl, ut volutpat sapien arcu sed augue. Aliquam erat volutpat. In congue. Etiam justo.', '2018-09-02 11:03:12', '2018-05-21 14:20:58');
insert into posts (user_id, title, body, created_at, updated_at) values (8, 'sodales sed tincidunt eu', 'Donec semper sapien a libero.', '2017-11-30 22:14:59', '2018-09-25 13:53:38');
insert into posts (user_id, title, body, created_at, updated_at) values (5, 'diam neque vestibulum', 'Nulla mollis molestie lorem. Quisque ut erat. Curabitur gravida nisi at nibh. In hac habitasse platea dictumst. Aliquam augue quam, sollicitudin vitae, consectetuer eget, rutrum at, lorem.', '2017-12-19 06:17:08', '2018-05-12 19:35:14');
insert into posts (user_id, title, body, created_at, updated_at) values (3, 'dapibus nulla suscipit ligula', 'Maecenas leo odio, condimentum id, luctus nec, molestie sed, justo. Pellentesque viverra pede ac diam. Cras pellentesque volutpat dui. Maecenas tristique, est et tempus semper, est quam pharetra magna, ac consequat metus sapien ut nunc. Vestibulum ante ipsum primis in faucibus orci luctus et ultrices posuere cubilia Curae; Mauris viverra diam vitae quam. Suspendisse potenti. Nullam porttitor lacus at turpis. Donec posuere metus vitae ipsum. Aliquam non mauris.', '2018-04-21 04:12:37', '2018-07-10 16:20:39');
insert into posts (user_id, title, body, created_at, updated_at) values (5, 'turpis adipiscing lorem', 'Vivamus in felis eu sapien cursus vestibulum. Proin eu mi. Nulla ac enim. In tempor, turpis nec euismod scelerisque, quam turpis adipiscing lorem, vitae mattis nibh ligula nec sem. Duis aliquam convallis nunc. Proin at turpis a pede posuere nonummy. Integer non velit. Donec diam neque, vestibulum eget, vulputate ut, ultrices vel, augue. Vestibulum ante ipsum primis in faucibus orci luctus et ultrices posuere cubilia Curae; Donec pharetra, magna vestibulum aliquet ultrices, erat tortor sollicitudin mi, sit amet lobortis sapien sapien non mi.', '2018-08-18 09:59:04', '2018-01-27 07:44:47');

insert into role_user (user_id, role_id) values (1, 1);
insert into role_user (user_id, role_id) values (2, 1);
insert into role_user (user_id, role_id) values (3, 1);
insert into role_user (user_id, role_id) values (4, 1);
insert into role_user (user_id, role_id) values (5, 1);
insert into role_user (user_id, role_id) values (6, 1);
insert into role_user (user_id, role_id) values (7, 1);
insert into role_user (user_id, role_id) values (8, 1);
insert into role_user (user_id, role_id) values (9, 1);
insert into role_user (user_id, role_id) values (10, 1);
insert into role_user (user_id, role_id) values (11, 1);
insert into role_user (user_id, role_id) values (12, 1);
insert into role_user (user_id, role_id) values (13, 1);
insert into role_user (user_id, role_id) values (14, 1);
insert into role_user (user_id, role_id) values (15, 1);
insert into role_user (user_id, role_id) values (16, 1);
insert into role_user (user_id, role_id) values (17, 1);
insert into role_user (user_id, role_id) values (18, 1);
insert into role_user (user_id, role_id) values (19, 1);
insert into role_user (user_id, role_id) values (20, 1);
insert into role_user (user_id, role_id) values (21, 1);
insert into role_user (user_id, role_id) values (22, 1);
insert into role_user (user_id, role_id) values (23, 1);
insert into role_user (user_id, role_id) values (24, 1);
insert into role_user (user_id, role_id) values (25, 1);
insert into role_user (user_id, role_id) values (26, 1);
insert into role_user (user_id, role_id) values (27, 1);
insert into role_user (user_id, role_id) values (28, 1);
insert into role_user (user_id, role_id) values (29, 1);
insert into role_user (user_id, role_id) values (30, 1);
insert into role_user (user_id, role_id) values (31, 1);
insert into role_user (user_id, role_id) values (32, 1);
insert into role_user (user_id, role_id) values (33, 1);
insert into role_user (user_id, role_id) values (34, 1);
insert into role_user (user_id, role_id) values (35, 1);
insert into role_user (user_id, role_id) values (36, 1);
insert into role_user (user_id, role_id) values (37, 1);
insert into role_user (user_id, role_id) values (38, 1);
insert into role_user (user_id, role_id) values (39, 1);
insert into role_user (user_id, role_id) values (40, 1);
insert into role_user (user_id, role_id) values (41, 1);
insert into role_user (user_id, role_id) values (42, 1);
insert into role_user (user_id, role_id) values (43, 1);
insert into role_user (user_id, role_id) values (44, 1);
insert into role_user (user_id, role_id) values (45, 1);
insert into role_user (user_id, role_id) values (46, 1);
insert into role_user (user_id, role_id) values (47, 1);
insert into role_user (user_id, role_id) values (48, 1);
insert into role_user (user_id, role_id) values (49, 1);
insert into role_user (user_id, role_id) values (50, 1);
